YEAR,MONTH,DAY,Estaciones,DATE,"Barometro Reducido a o y al nivel del Mar","Cambio en 24 horas","Temperatura a las  (see Remarks)","Cambio en 24 horas","Temperatura Maxima","Temperatura Minima","Humedad relativa","Viento Direction","Viento Fuerza","Nebulosidad Forma","Nebulosidad Grado",Fenomenos,,,,,,,,,,,
1902,2,21,JUJUY-Capital,1902/02/21,760,4.4,21,-6,23,20,91,E,1,N,3,,,,,,,,,,,,
1902,2,22,JUJUY-Capital,1902/02/22,761,1,20,-1,22,17,91,E,1,N,3,,,,,,,,,,,,
1902,2,23,JUJUY-Capital,1902/02/23,764.4,3.6,21,1,22,17,82,E,1,S,2,,,,,,,,,,,,
1902,2,24,JUJUY-Capital,1902/02/24,759.6,-5,25,4,27,17,61,SE,1,K,1,,,,,,,,,,,,
1902,2,25,JUJUY-Capital,1902/02/25,756.2,-3.4,26,1,27,17,62,SE,1,K,2,,,,,,,,,,,,
1902,2,26,JUJUY-Capital,1902/02/26,755.7,-0.5,25,-1,26,19,68,NW,1,S,2,,,,,,,,,,,,
1902,2,27,JUJUY-Capital,1902/02/27,755.2,-0.5,25,0,26,18,68,E,1,K,1,,,,,,,,,,,,
1902,2,28,JUJUY-Capital,1902/02/28,755.7,0.3,25,0,26,19,61,S,,N,2,,,,,,,,,,,,
1902,3,1,JUJUY-Capital,1902/03/01,760.2,4.5,23,-2,24,18,66,SE,1,N,2,,,,,,,,,,,,
1902,3,2,JUJUY-Capital,1902/03/02,756.3,-3.9,26,3,27,16,55,S,1,K,1,,,,,,,,,,,,
1902,3,3,JUJUY-Capital,1902/03/03,757.2,0.9,26,0,26,17,62,SW,1,N,2,,,,,,,,,,,,
1902,3,4,JUJUY-Capital,1902/03/04,753.8,-3.4,27,1,28,17,63,E,1,K,1,,,,,,,,,,,,
1902,3,5,JUJUY-Capital,1902/03/05,755.2,1.4,28,1,29,19,57,NE,1,K,2,,,,,,,,,,,,
1902,3,6,JUJUY-Capital,1902/03/06,757.7,2.5,25,-3,26,19,68,SE,1,K,2,,,,,,,,,,,,
1902,3,7,JUJUY-Capital,1902/03/07,758.2,-0.5,26,1,26,18,62,SE,1,N,2,,,,,,,,,,,,
1902,3,8,JUJUY-Capital,1902/03/08,758.7,0.5,23,-1,26,19,68,S,1,K,1,,,,,,,,,,,,
1902,3,9,JUJUY-Capital,1902/03/09,758.7,0,27,2,28,18,63,SE,1,K,1,,,,,,,,,,,,
1902,3,10,JUJUY-Capital,1902/03/10,758.7,0,26,-1,27,18,55,NW,1,K,1,,,,,,,,,,,,
1902,3,12,JUJUY-Capital,1902/03/12,752.2,-3,28,2,29,21,57,SE,1,K,1,,,,,,,,,,,,
1902,3,13,JUJUY-Capital,1902/03/13,760.6,8.4,21,-7,21,20,73,SE,1,N,3,,,,,,,,,,,,
1902,3,14,JUJUY-Capital,1902/03/14,762.6,2,23,2,23,17,74,N,1,N,2,,,,,,,,,,,,
1902,3,15,JUJUY-Capital,1902/03/15,761.7,-0.9,23,0,24,18,66,SE,1,K,1,,,,,,,,,,,,
1902,3,16,JUJUY-Capital,1902/03/16,759.2,-2.5,24,1,25,18,60,E,1,K,1,,,,,,,,,,,,
1902,3,19,JUJUY-Capital,1902/03/19,758.2,3,26,0,27,19,55,SE,1,S,2,,,,,,,,,,,,
1902,3,21,JUJUY-Capital,1902/03/21,762.1,-5.8,21,4,22,11,73,E,1,N,2,,,,,,,,,,,,
1902,3,22,JUJUY-Capital,1902/03/22,,,,,,,,,,,,,,,,,,,,,,,
1902,3,23,JUJUY-Capital,1902/03/23,763.5,,21,,22,15,65,SE,2,N,3,,,,,,,,,,,,
1902,3,24,JUJUY-Capital,1902/03/24,758.7,-4.8,25,4,26,14,61,NE,1,S,1,,,,,,,,,,,,
1902,3,25,JUJUY-Capital,1902/03/25,757.1,-1.6,23,-2,24,15,24,NE,1,K,2,,,,,,,,,,,,
1902,3,26,JUJUY-Capital,1902/03/26,757.2,0.1,21,1,25,15,60,NW,1,,,,,,,,,,,,,,
1902,3,27,JUJUY-Capital,1902/03/27,758.6,1.4,21,-3,22,17,73,E,1,N,3,,,,,,,,,,,,
1902,3,30,JUJUY-Capital,1902/03/30,763.5,-5,17,0,18,12,80,SE,1,N,3,,,,,,,,,,,,
1902,3,31,JUJUY-Capital,1902/03/31,757.5,-6,17,0,18,14,80,E,1,N,2,,,,,,,,,,,,
1902,4,2,JUJUY-Capital,1902/04/02,760.1,4,21,-1,22,14,65,NE,1,K,2,,,,,,,,,,,,
1902,4,3,JUJUY-Capital,1902/04/03,759.7,-0.4,23,2,24,14,66,S,1,K,2,,,,,,,,,,,,
1902,4,4,JUJUY-Capital,1902/04/04,756.2,-3.5,24,1,25,16,67,NE,1,K,2,,,,,,,,,,,,
1902,4,5,JUJUY-Capital,1902/04/05,761.1,4.9,20,-4,21,18,91,SW,1,N,3,,,,,,,,,,,,
1902,4,6,JUJUY-Capital,1902/04/06,762.7,1.6,21,1,22,16,82,E,1,N,2,,,,,,,,,,,,
1902,4,7,JUJUY-Capital,1902/04/07,759.7,-3,21,0,22,17,73,SE,1,N,2,,,,,,,,,,,,
1902,4,8,JUJUY-Capital,1902/04/08,757.2,-2.5,22,1,22,15,66,SE,1,K,1,,,,,,,,,,,,
1902,4,9,JUJUY-Capital,1902/04/09,759.2,2,22,0,23,16,74,SE,1,K,2,,,,,,,,,,,,
1902,4,10,JUJUY-Capital,1902/04/10,757.7,-1.5,22,0,22,15,66,SE,1,N,2,,,,,,,,,,,,
1902,4,12,JUJUY-Capital,1902/04/12,758.2,1.1,24,2,24,15,60,SE,1,K,1,,,,,,,,,,,,
1902,4,13,JUJUY-Capital,1902/04/13,756.2,-2,24,0,25,16,67,SE,1,K,1,,,,,,,,,,,,
1902,4,14,JUJUY-Capital,1902/04/14,758.2,2,22,-2,22,18,74,NE,1,N,2,,,,,,,,,,,,
1902,4,16,JUJUY-Capital,1902/04/16,756.6,-1.1,23,-2,24,18,74,S,1,N,1,,,,,,,,,,,,
1902,4,19,JUJUY-Capital,1902/04/19,761.1,1.8,22,-2,23,18,74,E,1,N,2,,,,,,,,,,,,
1902,4,20,JUJUY-Capital,1902/04/20,756.2,-4.9,24,2,24,16,67,SE,1,K,2,,,,,,,,,,,,
1902,4,24,JUJUY-Capital,1902/04/24,762.1,-1.5,21,1,22,14,65,SE,1,K,1,,,,,,,,,,,,
1902,4,26,JUJUY-Capital,1902/04/26,764,4.3,19,-2,20,15,72,SE,1,K,2,,,,,,,,,,,,
1902,4,27,JUJUY-Capital,1902/04/27,763.1,-0.9,19,0,20,16,72,SE,1,N,2,,,,,,,,,,,,
1902,4,29,JUJUY-Capital,1902/04/29,763.6,-0.5,20,0,20,15,64,,0,N,2,,,,,,,,,,,,
1902,5,3,JUJUY-Capital,1902/05/03,752.6,-4.5,25,3,26,13,47,S,1,C,1,,,,,,,,,,,,
1902,5,4,JUJUY-Capital,1902/05/04,756.7,4.1,24,-1,25,14,53,NE,1,,0,,,,,,,,,,,,
1902,5,6,JUJUY-Capital,1902/05/06,757.7,3.5,23,-1,24,15,59,N,1,K,1,,,,,,,,,,,,
1902,5,8,JUJUY-Capital,1902/05/08,753.6,-1.3,23,0,24,14,66,S,1,S,1,,,,,,,,,,,,
1902,5,16,JUJUY-Capital,1902/05/16,766.1,1.5,13,0,,,66,SE,1,S,3,,,,,,,,,,,,
1902,5,17,JUJUY-Capital,1902/05/17,763.5,-2.6,16,3,17,8,59,SE,1,,0,,,,,,,,,,,,
1902,5,18,JUJUY-Capital,1902/05/18,763.1,-0.4,18,2,19,8,62,E,1,,0,,,,,,,,,,,,
1902,5,19,JUJUY-Capital,1902/05/19,762.6,-0.5,19,1,20,8,54,E,1,,0,,,,,,,,,,,,
1902,5,20,JUJUY-Capital,1902/05/20,758.6,-4,19,0,20,10,63,SE,1,,0,,,,,,,,,,,,
1902,5,21,JUJUY-Capital,1902/05/21,760.1,1.5,19,0,19,11,72,NE,1,K,1,,,,,,,,,,,,
1902,5,22,JUJUY-Capital,1902/05/22,761.5,1.4,20,1,22,11,64,SE,1,,0,,,,,,,,,,,,
1902,5,23,JUJUY-Capital,1902/05/23,759.9,-1.6,20,0,22,12,55,N,1,,0,,,,,,,,,,,,
1902,5,24,JUJUY-Capital,1902/05/24,758,-1.9,21,1,22,11,57,SE,1,,0,,,,,,,,,,,,
1902,5,25,JUJUY-Capital,1902/05/25,757.7,-0.3,21,0,24,9,57,SE,1,,0,,,,,,,,,,,,
1902,5,26,JUJUY-Capital,1902/05/26,755.6,-2.1,23,2,24,11,52,SE,1,,0,,,,,,,,,,,,
1902,5,27,JUJUY-Capital,1902/05/27,754.1,-1.5,22,-1,23,12,58,SE,1,,0,,,,,,,,,,,,
1902,5,28,JUJUY-Capital,1902/05/28,763.1,9.1,13,-9,22,12,77,SE,1,N,3,,,,,,,,,,,,
1902,5,29,JUJUY-Capital,1902/05/29,762.1,-1,14,1,14,10,57,SE,1,C,2,,,,,,,,,,,,
1902,5,30,JUJUY-Capital,1902/05/30,760.5,-1.6,15,1,15,10,58,SE,1,K,1,,,,,,,,,,,,
1902,5,31,JUJUY-Capital,1902/05/31,760.6,0.1,18,3,19,7,62,SE,1,,0,,,,,,,,,,,,
1902,6,1,JUJUY-Capital,1902/06/01,756.8,-3.8,22,4,23,9,50,SE,1,,0,,,,,,,,,,,,
1902,6,2,JUJUY-Capital,1902/06/02,754.2,-2.6,22,0,24,11,43,SE,1,,0,,,,,,,,,,,,
1902,6,3,JUJUY-Capital,1902/06/03,755.6,1.4,22,0,23,8,50,E,2,,0,,,,,,,,,,,,
1902,6,4,JUJUY-Capital,1902/06/04,757,1.4,19,-3,21,12,72,SE,1,K,1,,,,,,,,,,,,
1902,6,5,JUJUY-Capital,1902/06/05,763.5,6.5,15,-4,15,10,78,SE,1,,0,,,,,,,,,,,,
1902,6,6,JUJUY-Capital,1902/06/06,760,-3.5,16,1,17,6,89,NE,2,,0,,,,,,,,,,,,
1902,6,7,JUJUY-Capital,1902/06/07,763.1,3.1,14,-2,15,8,89,NW,1,K,2,,,,,,,,,,,,
1902,6,8,JUJUY-Capital,1902/06/08,763.1,0,14,0,14,11,67,W,1,,0,,,,,,,,,,,,
1902,6,9,JUJUY-Capital,1902/06/09,762.1,-1,16,2,16,5,59,NW,1,K,1,,,,,,,,,,,,
1902,6,10,JUJUY-Capital,1902/06/10,756,-6.1,17,1,18,10,90,SE,1,C,1,,,,,,,,,,,,
1902,6,11,JUJUY-Capital,1902/06/11,756.7,0.7,20,3,21,10,91,E,2,K,1,,,,,,,,,,,,
1902,6,12,JUJUY-Capital,1902/06/12,760.2,3.5,18,-2,18,6,90,SE,1,N,2,,,,,,,,,,,,
1902,6,13,JUJUY-Capital,1902/06/13,761.6,1.4,18,0,18,11,90,SE,2,K,1,,,,,,,,,,,,
1902,6,14,JUJUY-Capital,1902/06/14,761.6,1.4,18,0,18,11,90,SE,2,K,1,,,,,,,,,,,,
1902,6,15,JUJUY-Capital,1902/06/15,756.6,-5,19,0,19,4,81,NW,1,,0,,,,,,,,,,,,
1902,6,16,JUJUY-Capital,1902/06/16,,,,,,,,,,,,,,,,,,,,,,,
1902,6,17,JUJUY-Capital,1902/06/17,751,,22,,23,11,82,SE,1,C,2,,,,,,,,,,,,
1902,6,18,JUJUY-Capital,1902/06/18,756.1,5.1,20,-2,20,13,90,E,1,N,2,,,,,,,,,,,,
1902,6,19,JUJUY-Capital,1902/06/19,761.7,5.6,14,-6,14,13,89,E,1,N,3,,,,,,,,,,,,
1902,6,20,JUJUY-Capital,1902/06/20,763.6,1.9,13,-1,14,,66,E,1,N,3,,,,,,,,,,,,
1902,6,21,JUJUY-Capital,1902/06/21,764.1,0.5,11,-2,11,8,87,SE,1,N,3,,,,,,,,,,,,
1902,6,22,JUJUY-Capital,1902/06/22,763.1,-1,15,4,16,7,68,SE,2,K,1,,,,,,,,,,,,
1902,6,23,JUJUY-Capital,1902/06/23,767.6,4.5,13,-2,13,9,77,SE,1,N,3,,,,,,,,,,,,
1902,6,24,JUJUY-Capital,1902/06/24,765.5,-2.5,15,-2,15,6,68,S,1,,0,,,,,,,,,,,,
1902,6,25,JUJUY-Capital,1902/06/25,759.6,-5.5,18,3,,5,,E,1,,0,,,,,,,,,,,,
1902,6,26,JUJUY-Capital,1902/06/26,758.7,-0.9,20,2,21,8,72,E,1,,0,,,,,,,,,,,,
1902,6,27,JUJUY-Capital,1902/06/27,759.1,0.4,20,0,21,12,72,E,1,K,1,,,,,,,,,,,,
1902,6,28,JUJUY-Capital,1902/06/28,767.1,8,17,-3,17,14,90,E,1,N,3,,,,,,,,,,,,
1902,6,29,JUJUY-Capital,1902/06/29,762.1,-5,16,-1,16,12,79,SE,1,N,2,,,,,,,,,,,,
1902,6,30,JUJUY-Capital,1902/06/30,758.2,-3.9,18,2,19,9,71,SE,1,,0,,,,,,,,,,,,
1902,7,1,JUJUY-Capital,1902/07/01,756.7,-1.5,19,1,20,12,63,SE,1,K,1,,,,,,,,,,,,
1902,7,2,JUJUY-Capital,1902/07/02,764.1,7.4,12,-7,14,11,88,SE,1,N,3,,,,,,,,,,,,
1902,7,4,JUJUY-Capital,1902/07/04,766.7,-7,12,0,12,4,65,SE,1,,0,,,,,,,,,,,,
1902,7,5,JUJUY-Capital,1902/07/05,764.1,-2.6,13,1,14,2,66,E,1,,0,,,,,,,,,,,,
1902,7,6,JUJUY-Capital,1902/07/06,764.1,0,15,2,16,4,68,NE,1,S,1,,,,,,,,,,,,
1902,7,7,JUJUY-Capital,1902/07/07,760,-4.1,16,1,17,6,79,SE,1,,0,,,,,,,,,,,,
1902,7,8,JUJUY-Capital,1902/07/08,753.5,-6.5,19,3,21,8,54,N,1,S,2,,,,,,,,,,,,
1902,7,9,JUJUY-Capital,1902/07/09,,,,,,,,,,,,,,,,,,,,,,,
1902,7,10,JUJUY-Capital,1902/07/10,747.8,,31,,32,15,17,N,3,C,1,,,,,,,,,,,,
1902,7,11,JUJUY-Capital,1902/07/11,757.2,9.4,23,-8,24,15,37,E,1,S,1,,,,,,,,,,,,
1902,7,12,JUJUY-Capital,1902/07/12,,,,,,,,,,,,,,,,,,,,,,,
1902,7,13,JUJUY-Capital,1902/07/13,764.5,,14,,15,8,78,E,1,N,3,,,,,,,,,,,,
1902,7,14,JUJUY-Capital,1902/07/14,758.5,-6,16,2,17,6,79,E,1,C,1,,,,,,,,,,,,
1902,7,15,JUJUY-Capital,1902/07/15,759.1,0.6,18,2,19,8,62,E,1,S,2,,,,,,,,,,,,
1902,7,16,JUJUY-Capital,1902/07/16,756.8,-2.3,16,-2,16,10,69,SE,1,,,,,,,,,,,,,,
1902,7,17,JUJUY-Capital,1902/07/17,767,10.2,5,-11,8,5,100,SE,1,N,2,,,,,,,,,,,,
1902,7,18,JUJUY-Capital,1902/07/18,768.5,1.5,7,2,8,2,71,NE,1,S,2,,,,,,,,,,,,
1902,7,19,JUJUY-Capital,1902/07/19,766.1,-2.4,7,0,7,3,85,NE,1,N,3,,,,,,,,,,,,
1902,7,20,JUJUY-Capital,1902/07/20,767.7,1.6,11,-4,12,3,75,NE,1,S,2,,,,,,,,,,,,
1902,7,21,JUJUY-Capital,1902/07/21,770.8,3.1,8,-3,9,4,72,SE,2,S,2,,,,,,,,,,,,
1902,7,23,JUJUY-Capital,1902/07/23,757.9,-3.5,23,9,25,3,31,NE,1,S,2,,,,,,,,,,,,
1902,7,24,JUJUY-Capital,1902/07/24,753.5,-4.4,26,3,27,14,24,N,2,,0,,,,,,,,,,,,
1902,7,25,JUJUY-Capital,1902/07/25,753.3,-0.2,24,-2,25,8,33,NE,1,,0,,,,,,,,,,,,
1902,7,26,JUJUY-Capital,1902/07/26,,,25,1,27,10,20,NE,2,S,2,,,,,,,,,,,,
1902,7,27,JUJUY-Capital,1902/07/27,753.7,4.8,24,-1,25,12,46,NE,2,C,2,,,,,,,,,,,,
1902,7,28,JUJUY-Capital,1902/07/28,773.9,20.2,3,-21,5,2,83,SE,2,N,3,,,,,,,,,,,,
1902,7,29,JUJUY-Capital,1902/07/29,773,-0.9,8,5,8,1,72,NE,1,N,1,,,,,,,,,,,,
1902,7,30,JUJUY-Capital,1902/07/30,761.2,-11.8,12,4,13,-1,65,E,1,,0,,,,,,,,,,,,
1902,7,31,JUJUY-Capital,1902/07/31,756.3,-4.9,17,5,17,2,43,SE,1,,0,,,,,,,,,,,,
1902,8,1,JUJUY-Capital,1902/08/01,,,20,3,21,4,40,E,1,,0,,,,,,,,,,,,
1902,8,2,JUJUY-Capital,1902/08/02,773.1,,6,-14,9,,56,SE,1,N,3,,,,,,,,,,,,
1902,8,3,JUJUY-Capital,1902/08/03,774.3,-1.8,12,6,13,-2,43,SE,2,,0,,,,,,,,,,,,
1902,8,4,JUJUY-Capital,1902/08/04,763.9,-7.4,13,1,13,0,35,SE,1,C,2,,,,,,,,,,,,
1902,8,5,JUJUY-Capital,1902/08/05,763.8,-0.1,15,2,15,5,48,E,1,S,2,,,,,,,,,,,,
1902,8,6,JUJUY-Capital,1902/08/06,761.4,-2.4,19,4,20,2,38,NE,1,S,2,,,,,,,,,,,,
1902,8,7,JUJUY-Capital,1902/08/07,759.4,-2,19,0,19,5,38,E,1,S,2,,,,,,,,,,,,
1902,8,8,JUJUY-Capital,1902/08/08,753.1,-6.3,25,6,26,5,28,NE,1,C,1,,,,,,,,,,,,
1902,8,9,JUJUY-Capital,1902/08/09,752.1,-1,29,4,30,9,19,E,1,,0,,,,,,,,,,,,
1902,8,10,JUJUY-Capital,1902/08/10,754,1.9,26,-3,26,9,36,E,1,C,1,,,,,,,,,,,,
1902,8,11,JUJUY-Capital,1902/08/11,759.3,5.3,22,-4,22,10,50,SE,2,K,1,,,,,,,,,,,,
1902,8,12,JUJUY-Capital,1902/08/12,756.2,-3.1,18,-4,18,8,62,SE,1,S,1,,,,,,,,,,,,
1902,8,13,JUJUY-Capital,1902/08/13,757.9,1.7,21,3,21,5,41,E,1,,0,,,,,,,,,,,,
1902,8,14,JUJUY-Capital,1902/08/14,761.2,3.3,16,-5,16,4,41,S,1,,0,,,,,,,,,,,,
1902,8,15,JUJUY-Capital,1902/08/15,764.2,3,11,-5,11,3,52,E,1,K,2,,,,,,,,,,,,
1902,8,16,JUJUY-Capital,1902/08/16,768.7,4.5,11,0,11,0,41,SE,1,N,1,,,,,,,,,,,,
1902,8,17,JUJUY-Capital,1902/08/17,773.7,5,10,-1,10,,39,NE,1,C,1,,,,,,,,,,,,
1902,8,18,JUJUY-Capital,1902/08/18,769.2,-4.5,12,2,13,0,54,NE,1,,0,,,,,,,,,,,,
1902,8,19,JUJUY-Capital,1902/08/19,756.5,-12.7,19,7,20,0,38,NE,1,,0,,,,,,,,,,,,
1902,8,20,JUJUY-Capital,1902/08/20,758.8,2.3,17,-2,17,4,34,E,1,,0,,,,,,,,,,,,
1902,8,21,JUJUY-Capital,1902/08/21,751.3,-7.5,17,0,18,2,43,SE,1,K,1,,,,,,,,,,,,
1902,8,22,JUJUY-Capital,1902/08/22,758.7,7.4,15,-2,15,6,43,SE,2,,0,,,,,,,,,,,,
1902,8,23,JUJUY-Capital,1902/08/23,769.4,10.7,7,-8,7,5,57,SE,2,N,2,,,,,,,,,,,,
1902,8,24,JUJUY-Capital,1902/08/24,766.2,-3.2,12,5,,0,,E,2,,0,,,,,,,,,,,,
1902,8,25,JUJUY-Capital,1902/08/25,768.7,6.5,11,-1,12,0,52,E,2,,0,,,,,,,,,,,,
1902,8,26,JUJUY-Capital,1902/08/26,769.1,0.4,10,-1,11,-1,50,E,2,,0,,,,,,,,,,,,
1902,8,27,JUJUY-Capital,1902/08/27,769.3,0.2,12,2,12,-1,54,E,2,C,1,,,,,,,,,,,,
1902,8,28,JUJUY-Capital,1902/08/28,769.2,-0.1,15,3,16,0,48,NE,2,C,1,,,,,,,,,,,,
1902,8,29,JUJUY-Capital,1902/08/29,766.7,-2.5,16,1,17,1,41,SE,1,C,1,,,,,,,,,,,,
1902,8,30,JUJUY-Capital,1902/08/30,765.8,-0.9,19,3,20,3,46,SE,1,,0,,,,,,,,,,,,
1902,8,31,JUJUY-Capital,1902/08/31,762.9,-2.9,19,0,20,4,38,NE,1,,0,,,,,,,,,,,,
1902,9,2,JUJUY-Capital,1902/09/02,767.8,3,10,2,23,9,62,NW,1,C,1,,,,,,,,,,,,
1902,9,3,JUJUY-Capital,1902/09/03,765.4,-2.4,13,3,25,10,55,NW,2,,0,,,,,,,,,,,,
1902,9,4,JUJUY-Capital,1902/09/04,766.9,1.5,14,1,27,13,67,NW,1,,0,,,,,,,,,,,,
1902,9,5,JUJUY-Capital,1902/09/05,763.3,-3.6,15,1,27,13,58,NW,1,S,2,,,,,,,,,,,,
1902,9,6,JUJUY-Capital,1902/09/06,758.3,-5,15,0,25,12,68,NW,1,,0,,,,,,,,,,,,
1902,9,7,JUJUY-Capital,1902/09/07,757.7,-0.6,16,1,31,14,72,NE,1,,0,,,,,,,,,,,,
1902,9,8,JUJUY-Capital,1902/09/08,759.2,1.5,17,1,30,15,80,NE,1,,0,,,,,,,,,,,,
1902,9,10,JUJUY-Capital,1902/09/10,762.1,-1.5,15,-1,25,13,78,NE,1,N,2,,,,,,,,,,,,
1902,9,11,JUJUY-Capital,1902/09/11,765.8,3.7,17,2,25,16,80,NE,1,N,2,,,,,,,,,,,,
1902,9,12,JUJUY-Capital,1902/09/12,769.2,3.4,12,-5,18,11,88,SE,1,N,2,,,,,,,,,,,,
1902,9,13,JUJUY-Capital,1902/09/13,764.5,-4.7,15,3,15,9,58,E,1,N,2,,,,,,,,,,,,
1902,9,14,JUJUY-Capital,1902/09/14,763.2,-1.3,10,-5,18,7,74,NW,1,,0,,,,,,,,,,,,
1902,9,15,JUJUY-Capital,1902/09/15,761.9,-1.3,14,4,25,11,89,NE,1,S,2,,,,,,,,,,,,
1902,9,16,JUJUY-Capital,1902/09/16,760.7,-1.2,13,-1,21,12,88,NW,1,,0,,,,,,,,,,,,
1902,9,17,JUJUY-Capital,1902/09/17,760.8,0.1,16,3,27,13,79,NW,1,K,1,,,,,,,,,,,,
1902,9,18,JUJUY-Capital,1902/09/18,757.4,-3.4,18,2,28,16,90,NW,1,K,1,,,,,,,,,,,,
1902,9,19,JUJUY-Capital,1902/09/19,759.8,2.1,19,1,32,16,81,NE,1,N,1,,,,,,,,,,,,
1902,9,20,JUJUY-Capital,1902/09/20,763,3.5,11,-8,21,9,87,E,1,N,3,,,,,,,,,,,,
1902,9,21,JUJUY-Capital,1902/09/21,776.6,3.6,9,-2,16,8,100,SE,1,N,3,,,,,,,,,,,,
1902,9,22,JUJUY-Capital,1902/09/22,769,2.4,6,-3,13,4,85,N,1,S,1,,,,,,,,,,,,
1902,9,23,JUJUY-Capital,1902/09/23,768,-1,7,1,18,5,85,NW,1,,0,,,,,,,,,,,,
1902,9,24,JUJUY-Capital,1902/09/24,769.4,1.4,13,6,21,11,77,NE,1,N,3,,,,,,,,,,,,
1902,9,25,JUJUY-Capital,1902/09/25,773.1,3.7,7,-6,13,5,100,SE,1,N,3,,,,,,,,,,,,
1902,9,26,JUJUY-Capital,1902/09/26,765.9,-7.2,9,2,12,4,73,NW,1,,0,,,,,,,,,,,,
1902,9,27,JUJUY-Capital,1902/09/27,762.8,-3.1,11,2,22,7,87,NW,1,,0,,,,,,,,,,,,
1902,9,28,JUJUY-Capital,1902/09/28,759.9,-2.9,13,2,25,11,88,N,1,S,1,,,,,,,,,,,,
1902,9,29,JUJUY-Capital,1902/09/29,763.3,3.4,13,0,29,11,88,NW,1,K,1,,,,,,,,,,,,
1902,9,30,JUJUY-Capital,1902/09/30,764.4,1.1,14,1,21,13,89,SE,1,N,3,,,,,,,,,,,,
1902,10,1,JUJUY-Capital,1902/10/01,777.4,13,6,-8,17,5,100,SE,1,"N ",3,,,,,,,,,,,,
1902,10,2,JUJUY-Capital,1902/10/02,776.4,-1,5,-1,7,4,100,E,1,"N ",2,,,,,,,,,,,,
1902,10,3,JUJUY-Capital,1902/10/03,772.3,-4.1,10,5,14,8,86,NW,1,S,3,,,,,,,,,,,,
1902,10,5,JUJUY-Capital,1902/10/05,765.4,-3,11,1,19,10,87,SE,1,S,2,,,,,,,,,,,,
1902,10,7,JUJUY-Capital,1902/10/07,769.3,7.9,11,-1,22,8,75,E,1,S,1,,,,,,,,,,,,
1902,10,8,JUJUY-Capital,1902/10/08,769.4,0.1,13,2,23,11,55,NE,1,"N ",2,,,,,,,,,,,,
1902,10,9,JUJUY-Capital,1902/10/09,765.3,-4.1,11,-2,23,8,75,N,1,,0,,,,,,,,,,,,
1902,10,10,JUJUY-Capital,1902/10/10,759.4,-5.9,14,3,25,11,67,N,1,S,2,,,,,,,,,,,,
1902,10,11,JUJUY-Capital,1902/10/11,768.5,9.1,9,-5,29,8,86,SE,1,"N ",3,,,,,,,,,,,,
1902,10,12,JUJUY-Capital,1902/10/12,771.1,2.6,7,-2,11,4,85,NW,1,K,2,,,,,,,,,,,,
1902,10,13,JUJUY-Capital,1902/10/13,769.8,-1.3,11,4,21,6,52,NW,1,,0,,,,,,,,,,,,
1902,10,14,JUJUY-Capital,1902/10/14,765.4,-3.4,12,1,24,8,65,NW,1,,0,,,,,,,,,,,,
1902,10,15,JUJUY-Capital,1902/10/15,765.4,0,13,1,26,10,55,NW,1,,0,,,,,,,,,,,,
1902,10,16,JUJUY-Capital,1902/10/16,762.8,-2.6,15,2,26,12,58,NW,1,,0,,,,,,,,,,,,
1902,10,17,JUJUY-Capital,1902/10/17,762.8,0,16,1,27,12,69,N,1,,0,,,,,,,,,,,,
1902,10,18,JUJUY-Capital,1902/10/18,763.7,0.9,16,0,31,14,69,NW,1,,0,,,,,,,,,,,,
1902,10,19,JUJUY-Capital,1902/10/19,761.2,-2.5,16,0,28,13,79,NW,1,,0,,,,,,,,,,,,
1902,10,20,JUJUY-Capital,1902/10/20,760.5,-0.7,19,3,32,16,72,NW,1,,0,,,,,,,,,,,,
1902,10,21,JUJUY-Capital,1902/10/21,759.4,-1.1,20,1,33,17,64,NW,1,,0,,,,,,,,,,,,
1902,10,22,JUJUY-Capital,1902/10/22,754.8,-4.6,26,6,35,19,36,N,2,,0,,,,,,,,,,,,
1902,10,23,JUJUY-Capital,1902/10/23,756,1.2,22,-4,35,19,50,NW,1,,0,,,,,,,,,,,,
1902,10,24,JUJUY-Capital,1902/10/24,,,,,,,,,,,,,,,,,,,,,,,
1902,10,25,JUJUY-Capital,1902/10/25,757.9,0,20,-1,36,17,81,E,1,"N ",2,,,,,,,,,,,,
1902,10,26,JUJUY-Capital,1902/10/26,756.9,-1,20,0,28,16,72,NW,1,S,2,,,,,,,,,,,,
1902,10,27,JUJUY-Capital,1902/10/27,766.7,9.8,13,-7,33,12,88,E,1,"N ",3,,,,,,,,,,,,
1902,10,28,JUJUY-Capital,1902/10/28,762.7,-4,14,1,19,12,78,NE,1,S,2,,,,,,,,,,,,
1902,10,29,JUJUY-Capital,1902/10/29,761.3,-1.4,16,2,24,14,79,NE,1,S,2,,,,,,,,,,,,
1902,10,30,JUJUY-Capital,1902/10/30,,,,,,,,,,,,,,,,,,,,,,,
1902,10,31,JUJUY-Capital,1902/10/31,766.2,2,15,-5,26,14,89,SE,1,"N ",3,,,,,,,,,,,,
1902,11,1,JUJUY-Capital,1902/11/01,758.3,-7.9,17,2,22,15,90,E,1,"N ",3,,,,,,,,,,,,
1902,11,2,JUJUY-Capital,1902/11/02,761.4,3,19,2,25,18,81,SE,1,"N ",3,,,,,,,,,,,,
1902,11,3,JUJUY-Capital,1902/11/03,760.7,-0.7,16,-3,20,14,89,SE,1,"N ",3,,,,,,,,,,,,
1902,11,4,JUJUY-Capital,1902/11/04,760.9,0.2,18,2,21,16,90,NE,1,S,2,,,,,,,,,,,,
1902,11,5,JUJUY-Capital,1902/11/05,759,-1.9,19,1,29,16,81,N,1,,0,,,,,,,,,,,,
1902,11,6,JUJUY-Capital,1902/11/06,752.6,-6.4,22,3,33,17,66,NE,1,S,1,,,,,,,,,,,,
1902,11,7,JUJUY-Capital,1902/11/07,754,1.4,21,-1,34,18,57,N,1,S,2,,,,,,,,,,,,
1902,11,8,JUJUY-Capital,1902/11/08,752.8,-1.2,21,0,35,21,37,N,3,S,2,,,,,,,,,,,,
1902,11,9,JUJUY-Capital,1902/11/09,758.8,6,19,-4,38,17,72,NE,1,S,2,,,,,,,,,,,,
1902,11,10,JUJUY-Capital,1902/11/10,765.1,6.3,15,-4,25,13,78,NW,1,"N ",2,,,,,,,,,,,,
1902,11,11,JUJUY-Capital,1902/11/11,763.8,-1.3,15,0,21,11,78,NW,1,C,1,,,,,,,,,,,,
1902,11,12,JUJUY-Capital,1902/11/12,760.4,-3.4,17,2,29,12,61,NW,1,,0,,,,,,,,,,,,
1902,11,13,JUJUY-Capital,1902/11/13,759,-1.4,20,3,32,17,64,NW,1,K,1,,,,,,,,,,,,
1902,11,14,JUJUY-Capital,1902/11/14,757,-2,21,1,33,18,57,NW,1,,0,,,,,,,,,,,,
1902,11,15,JUJUY-Capital,1902/11/15,756,-1,22,1,34,19,74,,0,,0,,,,,,,,,,,,
1902,11,16,JUJUY-Capital,1902/11/16,767.6,11.6,14,-8,27,12,89,SE,1,"N ",3,,,,,,,,,,,,
1902,11,17,JUJUY-Capital,1902/11/17,764.7,-2.9,16,2,18,4,69,N,1,S,2,,,,,,,,,,,,
1902,11,18,JUJUY-Capital,1902/11/18,760,-4.7,18,2,27,13,62,NW,1,,0,,,,,,,,,,,,
1902,11,19,JUJUY-Capital,1902/11/19,759,-0.4,20,2,30,18,72,N,1,"N ",2,,,,,,,,,,,,
1902,11,20,JUJUY-Capital,1902/11/20,762.9,3.3,17,-3,27,16,90,SE,1,"N ",3,,,,,,,,,,,,
1902,11,21,JUJUY-Capital,1902/11/21,760.9,-2,18,1,23,16,90,E,1,"N ",3,,,,,,,,,,,,
1902,11,22,JUJUY-Capital,1902/11/22,759,-1.9,19,1,26,17,81,SE,1,"N ",3,,,,,,,,,,,,
1902,11,23,JUJUY-Capital,1902/11/23,756.5,-2.5,20,1,30,17,72,NW,1,S,2,,,,,,,,,,,,
1902,11,24,JUJUY-Capital,1902/11/24,762.3,5.8,17,-3,32,14,80,N,1,K,1,,,,,,,,,,,,
1902,11,25,JUJUY-Capital,1902/11/25,756.4,-5.9,19,2,27,17,81,SE,1,"N ",2,,,,,,,,,,,,
1902,11,26,JUJUY-Capital,1902/11/26,757.5,1.1,21,2,32,19,73,E,2,"N ",2,,,,,,,,,,,,
1902,11,27,JUJUY-Capital,1902/11/27,772.7,15.2,9,-12,22,8,86,SE,1,"N ",3,,,,,,,,,,,,
1902,11,28,JUJUY-Capital,1902/11/28,769.5,-3.2,10,1,13,9,86,E,1,N,3,,,,,,,,,,,,
1902,11,29,JUJUY-Capital,1902/11/29,765.2,-4.3,12,2,15,9,76,N,1,S,2,,,,,,,,,,,,
1902,11,30,JUJUY-Capital,1902/11/30,764.9,-0.3,16,4,28,,79,N,1,S,2,,,,,,,,,,,,
1902,12,1,JUJUY-Capital,1902/12/01,761.7,-3.2,18,2,29,13,62,NW,1,,0,,,,,,,,,,,,
1902,12,2,JUJUY-Capital,1902/12/02,762.4,0.7,18,0,30,15,71,NW,1,S,1,,,,,,,,,,,,
1902,12,3,JUJUY-Capital,1902/12/03,760.5,-1.9,18,1,30,17,72,N,1,"N ",2,,,,,,,,,,,,
1902,12,4,JUJUY-Capital,1902/12/04,759.9,-0.6,18,-1,25,16,90,SE,1,"N ",2,,,,,,,,,,,,
1902,12,5,JUJUY-Capital,1902/12/05,764.6,4.7,15,-3,24,13,89,SE,1,"N ",3,,,,,,,,,,,,
1902,12,6,JUJUY-Capital,1902/12/06,760.8,-3.8,17,2,21,15,90,NE,1,"N ",1,,,,,,,,,,,,
1902,12,7,JUJUY-Capital,1902/12/07,761.9,1.1,18,1,25,15,80,N,1,K,1,,,,,,,,,,,,
1902,12,8,JUJUY-Capital,1902/12/08,761,-0.9,18,0,29,14,62,NW,1,S,1,,,,,,,,,,,,
1902,12,9,JUJUY-Capital,1902/12/09,763.4,2.4,18,0,29,15,71,NW,1,,0,,,,,,,,,,,,
1902,12,10,JUJUY-Capital,1902/12/10,759.5,-3.9,20,2,30,16,72,NW,1,,0,,,,,,,,,,,,
1902,12,11,JUJUY-Capital,1902/12/11,759.1,-0.4,22,2,31,20,82,NE,1,"N ",2,,,,,,,,,,,,
1902,12,12,JUJUY-Capital,1902/12/12,757.4,-1.7,20,-2,31,16,72,N,1,S,1,,,,,,,,,,,,
1902,12,13,JUJUY-Capital,1902/12/13,755.6,-1.8,24,4,32,20,67,,0,S,2,,,,,,,,,,,,
1902,12,14,JUJUY-Capital,1902/12/14,768.5,12.9,12,-12,30,11,88,SE,1,"N ",3,,,,,,,,,,,,
1902,12,15,JUJUY-Capital,1902/12/15,764.8,-3.7,14,2,19,12,78,SE,1,"N ",2,,,,,,,,,,,,
1902,12,16,JUJUY-Capital,1902/12/16,762.5,-2.3,18,4,24,16,80,E,1,S,3,,,,,,,,,,,,
1902,12,17,JUJUY-Capital,1902/12/17,760,-2.5,20,2,25,17,81,NW,1,S,1,,,,,,,,,,,,
1902,12,18,JUJUY-Capital,1902/12/18,759.4,-0.6,20,0,26,18,81,E,1,S,2,,,,,,,,,,,,
1902,12,19,JUJUY-Capital,1902/12/19,761.4,2,18,-2,31,17,90,SE,1,"N ",3,,,,,,,,,,,,
1902,12,20,JUJUY-Capital,1902/12/20,761.4,0,20,2,26,17,81,E,1,S,2,,,,,,,,,,,,
1902,12,21,JUJUY-Capital,1902/12/21,759.1,-2.3,22,2,30,19,74,NW,1,S,1,,,,,,,,,,,,
1902,12,22,JUJUY-Capital,1902/12/22,756,-3.1,22,0,32,18,66,N,1,,0,,,,,,,,,,,,
1902,12,23,JUJUY-Capital,1902/12/23,754.5,-1.5,22,0,33,19,58,,0,S,1,,,,,,,,,,,,
1902,12,24,JUJUY-Capital,1902/12/24,,,,,,,,,,,,,,,,,,,,,,,
1902,12,25,JUJUY-Capital,1902/12/25,763.6,8.7,17,-3,31,16,90,SE,1,"N ",3,,,,,,,,,,,,
1902,12,26,JUJUY-Capital,1902/12/26,758.4,-5.2,18,1,24,15,80,SE,1,K,1,,,,,,,,,,,,
1902,12,27,JUJUY-Capital,1902/12/27,759.5,1.1,19,1,22,16,81,SE,1,S,1,,,,,,,,,,,,
1902,12,28,JUJUY-Capital,1902/12/28,761.8,2.3,18,-1,28,16,80,SE,2,"N ",3,,,,,,,,,,,,
1902,12,29,JUJUY-Capital,1902/12/29,761.9,0.1,18,0,28,17,90,SE,1,"N ",3,,,,,,,,,,,,
1902,12,30,JUJUY-Capital,1902/12/30,764,2.1,18,0,24,16,90,SE,1,"N ",3,,,,,,,,,,,,
1902,12,31,JUJUY-Capital,1902/12/31,769.1,5.1,10,-8,20,8,86,SE,1,N,3,,,,,,,,,,,,
