YEAR,MONTH,DAY,Estaciones,DATE,"Barometro Reducido a o y al nivel del Mar","Cambio en 24 horas","Temperatura a las  (see Remarks)","Cambio en 24 horas","Temperatura Maxima","Temperatura Minima","Humedad relativa","Viento Direction","Viento Fuerza","Nebulosidad Forma","Nebulosidad Grado",Fenomenos,,,,,,,,,,,,
1902,2,21,"Rio Cuarto",1902/02/21,757.7,4.3,29,-7,30,18,52,,,C,1,,,,,,,,,,,,,
1902,2,22,"Rio Cuarto",1902/02/22,758.2,0.5,29,0,29,17,58,,,S,2,,,,,,,,,,,,,
1902,2,23,"Rio Cuarto",1902/02/23,760,1.8,33,4,34,17,61,,,K,1,,,,,,,,,,,,,
1902,2,24,"Rio Cuarto",1902/02/24,755,-5,34,1,35,18,51,,,,0,,,,,,,,,,,,,
1902,2,25,"Rio Cuarto",1902/02/25,753.6,-1.4,35,1,35,20,51,,,S,1,,,,,,,,,,,,,
1902,2,26,"Rio Cuarto",1902/02/26,758.4,4.8,18,-17,26,17,80,,,N,2,,,,,,,,,,,,,
1902,2,27,"Rio Cuarto",1902/02/27,756.4,-2,18,0,25,15,90,,,N,3,,,,,,,,,,,,,
1902,2,28,"Rio Cuarto",1902/02/28,760,3.6,17,-1,18,12,80,,,N,3,,,,,,,,,,,,,
1902,3,1,"Rio Cuarto",1902/03/01,759.4,-0.6,25,8,26,13,54,,,S,1,,,,,,,,,,,,,
1902,3,2,"Rio Cuarto",1902/03/02,755,-4.4,31,6,32,17,65,,,K,1,,,,,,,,,,,,,
1902,3,3,"Rio Cuarto",1902/03/03,756,1,26,-5,27,16,55,,,S,2,,,,,,,,,,,,,
1902,3,4,"Rio Cuarto",1902/03/04,754.3,-1.7,32,6,35,20,60,,,K,1,,,,,,,,,,,,,
1902,3,5,"Rio Cuarto",1902/03/05,758.9,4.6,21,-11,24,15,91,,,N,3,,,,,,,,,,,,,
1902,3,6,"Rio Cuarto",1902/03/06,757.5,-1.4,26,5,27,17,69,,,K,1,,,,,,,,,,,,,
1902,3,7,"Rio Cuarto",1902/03/07,760.3,2.8,22,-4,23,18,91,,,N,2,,,,,,,,,,,,,
1902,3,8,"Rio Cuarto",1902/03/08,758.9,-1.4,24,2,25,17,75,,,N,2,,,,,,,,,,,,,
1902,3,9,"Rio Cuarto",1902/03/09,760.2,1.3,22,-2,26,16,100,,,N,2,,,,,,,,,,,,,
1902,3,10,"Rio Cuarto",1902/03/10,760.3,0.1,19,-3,22,18,90,,,N,3,,,,,,,,,,,,,
1902,3,12,"Rio Cuarto",1902/03/12,756,0,22,1,23,16,82,,,N,3,,,,,,,,,,,,,
1902,3,13,"Rio Cuarto",1902/03/13,758.5,2.5,24,2,27,14,67,,,K,1,,,,,,,,,,,,,
1902,3,14,"Rio Cuarto",1902/03/14,760.1,-0.9,13,-4,14,8,77,SE,1,N,2,,,,,,,,,,,,,
1902,3,15,"Rio Cuarto",1902/03/15,769,8.9,8,-5,9,5,59,S,1,N,3,,,,,,,,,,,,,
1902,3,16,"Rio Cuarto",1902/03/16,762.9,-8.2,13,-2,14,1,35,N,2,S,1,,,,,,,,,,,,,
1902,3,19,"Rio Cuarto",1902/03/19,762.7,-0.2,14,1,16,2,47,N,1,S,2,,,,,,,,,,,,,
1902,3,21,"Rio Cuarto",1902/03/21,764.1,1.4,17,3,17,1,90,,0,,0,,,,,,,,,,,,,
1902,3,22,"Rio Cuarto",1902/03/22,758.8,-5.3,16,-1,17,2,50,N,1,S,2,,,,,,,,,,,,,
1902,3,23,"Rio Cuarto",1902/03/23,748.3,-10.5,16,0,16,5,69,S,1,S,2,,,,,,,,,,,,,
1902,3,24,"Rio Cuarto",1902/03/24,754,5.7,17,1,18,6,61,,0,S,1,,,,,,,,,,,,,
1902,3,25,"Rio Cuarto",1902/03/25,748.3,-5.7,21,4,22,8,34,SW,2,S,1,,,,,,,,,,,,,
1902,3,26,"Rio Cuarto",1902/03/26,766.7,18.4,10,-11,13,7,39,,0,N,3,,,,,,,,,,,,,
1902,3,27,"Rio Cuarto",1902/03/27,765.8,-0.9,13,3,13,4,35,NE,1,S,1,,,,,,,,,,,,,
1902,3,30,"Rio Cuarto",1902/03/30,764.5,-1.3,8,-5,9,4,86,,0,N,3,,,,,,,,,,,,,
1902,3,31,"Rio Cuarto",1902/03/31,758,-6.5,15,7,16,0,58,NE,1,S,1,,,,,,,,,,,,,
1902,4,2,"Rio Cuarto",1902/04/02,761.5,3.5,11,-4,12,2,63,E,1,N,2,,,,,,,,,,,,,
1902,4,3,"Rio Cuarto",1902/04/03,758.8,-2.7,13,2,14,0,35,NE,1,S,1,,,,,,,,,,,,,
1902,4,4,"Rio Cuarto",1902/04/04,767.6,8.8,9,-4,11,0,25,NE,1,K,2,,,,,,,,,,,,,
1902,4,5,"Rio Cuarto",1902/04/05,765.2,-2.4,14,5,15,-1,28,,0,S,1,,,,,,,,,,,,,
1902,4,6,"Rio Cuarto",1902/04/06,765.2,0,10,-4,10,-1,39,,0,N,2,,,,,,,,,,,,,
1902,4,7,"Rio Cuarto",1902/04/07,769.1,3.9,12,2,13,0,13,S,1,,0,,,,,,,,,,,,,
1902,4,8,"Rio Cuarto",1902/04/08,766.1,-3,17,5,18,-2,18,NW,1,,0,,,,,,,,,,,,,
1902,4,9,"Rio Cuarto",1902/04/09,750.9,-4.4,21,0,22,0,20,S,1,S,1,,,,,,,,,,,,,
1902,4,10,"Rio Cuarto",1902/04/10,756.9,6,19,-2,20,1,38,E,1,S,1,,,,,,,,,,,,,
1902,4,12,"Rio Cuarto",1902/04/12,753.1,-3.8,16,-3,20,3,69,E,1,K,2,,,,,,,,,,,,,
1902,4,13,"Rio Cuarto",1902/04/13,749.8,-3.3,15,-1,19,4,78,SW,1,S,2,,,,,,,,,,,,,
1902,4,14,"Rio Cuarto",1902/04/14,767,17.2,10,-5,13,3,41,SW,1,K,2,,,,,,,,,,,,,
1902,4,16,"Rio Cuarto",1902/04/16,775.7,8.7,5,-5,5,1,54,S,1,K,3,,,,,,,,,,,,,
1902,4,19,"Rio Cuarto",1902/04/19,771.7,-4,10,5,11,-3,50,SE,1,K,1,,,,,,,,,,,,,
1902,4,20,"Rio Cuarto",1902/04/20,757.8,-13.9,14,4,15,-3,37,S,1,S,1,,,,,,,,,,,,,
1902,4,24,"Rio Cuarto",1902/04/24,757,-0.8,16,2,17,-3,24,,0,,0,,,,,,,,,,,,,
1902,4,26,"Rio Cuarto",1902/04/26,764.1,7.1,12,-4,13,-1,22,S,2,,0,,,,,,,,,,,,,
1902,4,27,"Rio Cuarto",1902/04/27,771.7,7.6,12,0,13,-5,22,S,1,,0,,,,,,,,,,,,,
1902,4,29,"Rio Cuarto",1902/04/29,769.7,-2,17,5,17,-4,10,NE,1,,0,,,,,,,,,,,,,
1902,5,3,"Rio Cuarto",1902/05/03,,,20,3,20,-2,72,,0,,0,,,,,,,,,,,,,
1902,5,4,"Rio Cuarto",1902/05/04,762.2,,21,1,21,-1,20,,0,S,1,,,,,,,,,,,,,
1902,5,6,"Rio Cuarto",1902/05/06,,,28,7,29,0,7,,0,K,2,,,,,,,,,,,,,
1902,5,8,"Rio Cuarto",1902/05/08,755.8,,29,1,30,3,5,,0,S,1,,,,,,,,,,,,,
1902,5,16,"Rio Cuarto",1902/05/16,746.9,-9,27,-2,28,,20,S,1,,0,,,,,,,,,,,,,
1902,5,17,"Rio Cuarto",1902/05/17,757,10.2,18,-9,19,3,13,NE,2,,0,,,,,,,,,,,,,
1902,5,18,"Rio Cuarto",1902/05/18,754.2,-2.8,23,5,24,2,25,,0,C,1,,,,,,,,,,,,,
1902,5,19,"Rio Cuarto",1902/05/19,767,-12.8,12,-11,15,0,13,N,1,K,2,,,,,,,,,,,,,
1902,5,20,"Rio Cuarto",1902/05/20,761.6,-5.4,17,5,18,2,18,E,1,K,1,,,,,,,,,,,,,
1902,5,21,"Rio Cuarto",1902/05/21,762.8,1.2,16,-1,19,-1,24,,0,K,2,,,,,,,,,,,,,
1902,5,22,"Rio Cuarto",1902/05/22,768.8,6,10,-6,10,-2,28,,0,N,2,,,,,,,,,,,,,
1902,5,23,"Rio Cuarto",1902/05/23,768.3,-0.5,11,1,12,1,30,NE,1,S,2,,,,,,,,,,,,,
1902,5,24,"Rio Cuarto",1902/05/24,771.4,3.1,13,2,15,-1,25,S,1,K,1,,,,,,,,,,,,,
1902,5,25,"Rio Cuarto",1902/05/25,775,3.6,13,0,14,-5,19,,0,S,1,,,,,,,,,,,,,
1902,5,26,"Rio Cuarto",1902/05/26,764.9,-10.1,18,5,20,-4,13,,0,S,2,,,,,,,,,,,,,
1902,5,27,"Rio Cuarto",1902/05/27,753.6,-11.3,22,4,22,-2,22,,0,S,3,,,,,,,,,,,,,
1902,5,28,"Rio Cuarto",1902/05/28,761.6,8,15,-7,15,-1,30,,0,S,2,,,,,,,,,,,,,
1902,5,29,"Rio Cuarto",1902/05/29,752,-9.6,15,0,16,0,21,N,1,S,2,,,,,,,,,,,,,
1902,5,30,"Rio Cuarto",1902/05/30,763,11,11,-4,12,2,19,SW,2,K,1,,,,,,,,,,,,,
1902,5,31,"Rio Cuarto",1902/05/31,767.9,4.9,13,2,15,-3,25,SW,1,,0,,,,,,,,,,,,,
1902,6,1,"Rio Cuarto",1902/06/01,769.7,1.8,17,4,18,-2,18,N,1,S,1,,,,,,,,,,,,,
1902,6,2,"Rio Cuarto",1902/06/02,771.5,1.8,17,0,17,0,70,N,1,K,1,,,,,,,,,,,,,
1902,6,3,"Rio Cuarto",1902/06/03,769.4,-2.1,16,-1,17,1,24,N,1,K,1,,,,,,,,,,,,,
1902,6,4,"Rio Cuarto",1902/06/04,770.4,1,18,2,19,2,20,N,1,,0,,,,,,,,,,,,,
1902,6,5,"Rio Cuarto",1902/06/05,,,20,2,21,2,18,,0,,0,,,,,,,,,,,,,
1902,6,6,"Rio Cuarto",1902/06/06,764.8,,22,2,23,2,16,N,1,,0,,,,,,,,,,,,,
1902,6,7,"Rio Cuarto",1902/06/07,767.9,3.1,22,0,23,0,22,,0,S,2,,,,,,,,,,,,,
1902,6,8,"Rio Cuarto",1902/06/08,762,-5.9,25,3,25,3,22,N,1,,0,,,,,,,,,,,,,
1902,6,9,"Rio Cuarto",1902/06/09,764.8,-1.4,13,5,28,7,55,,0,S,2,,,,,,,,,,,,,
1902,6,10,"Rio Cuarto",1902/06/10,765.4,0.6,9,-4,31,8,86,,0,S,3,,,,,,,,,,,,,
1902,6,11,"Rio Cuarto",1902/06/11,767,1.6,12,3,26,8,76,N,1,S,1,,,,,,,,,,,,,
1902,6,12,"Rio Cuarto",1902/06/12,,,,,,,,,,,,,,,,,,,,,,,,
1902,6,13,"Rio Cuarto",1902/06/13,753.4,,15,,25,13,78,,0,S,3,,,,,,,,,,,,,
1902,6,14,"Rio Cuarto",1902/06/14,757.6,4.2,14,-1,25,14,78,SW,2,N,2,,,,,,,,,,,,,
1902,6,15,"Rio Cuarto",1902/06/15,763.3,5.7,10,-4,21,9,74,SW,1,K,3,,,,,,,,,,,,,
1902,6,16,"Rio Cuarto",1902/06/16,763.9,0.9,9,-7,23,6,73,NE,1,S,1,,,,,,,,,,,,,
1902,6,17,"Rio Cuarto",1902/06/17,771.6,7.7,4,-5,23,3,100,SW,1,N,3,,,,,,,,,,,,,
1902,6,18,"Rio Cuarto",1902/06/18,770.8,-0.8,9,5,18,7,73,NE,1,K,2,,,,,,,,,,,,,
1902,6,19,"Rio Cuarto",1902/06/19,765.9,-4.9,9,0,16,9,73,NE,1,N,3,,,,,,,,,,,,,
1902,6,20,"Rio Cuarto",1902/06/20,761.3,-4.6,10,1,20,7,74,,0,S,2,,,,,,,,,,,,,
1902,6,21,"Rio Cuarto",1902/06/21,761.7,0.4,13,3,21,9,55,,0,K,2,,,,,,,,,,,,,
1902,6,22,"Rio Cuarto",1902/06/22,757.8,-3.9,9,-4,21,9,100,,0,S,2,,,,,,,,,,,,,
1902,6,23,"Rio Cuarto",1902/06/23,757,-0.8,15,6,28,10,78,NE,1,S,1,,,,,,,,,,,,,
1902,6,24,"Rio Cuarto",1902/06/24,752.2,-4.8,15,0,34,13,89,SW,2,S,2,,,,,,,,,,,,,
1902,6,25,"Rio Cuarto",1902/06/25,767.6,15.4,6,-9,23,4,56,SW,1,K,2,,,,,,,,,,,,,
1902,6,26,"Rio Cuarto",1902/06/26,764.9,-2.7,7,1,19,4,57,,0,K,2,,,,,,,,,,,,,
1902,6,27,"Rio Cuarto",1902/06/27,769,4.1,7,0,19,2,71,NW,1,K,2,,,,,,,,,,,,,
1902,6,28,"Rio Cuarto",1902/06/28,765.5,-3.5,6,-1,21,4,70,,0,,0,,,,,,,,,,,,,
1902,6,29,"Rio Cuarto",1902/06/29,765.5,0,6,0,25,4,70,,0,K,2,,,,,,,,,,,,,
1902,6,30,"Rio Cuarto",1902/06/30,778.8,13.3,3,-3,24,2,83,SW,1,K,2,,,,,,,,,,,,,
1902,7,1,"Rio Cuarto",1902/07/01,767.1,-11.7,3,0,16,1,83,N,1,,0,,,,,,,,,,,,,
1902,7,2,"Rio Cuarto",1902/07/02,762,-5.1,8,5,25,4,59,NW,1,,0,,,,,,,,,,,,,
1902,7,4,"Rio Cuarto",1902/07/04,760.1,-1.9,10,2,30,5,39,,0,,0,,,,,,,,,,,,,
1902,7,5,"Rio Cuarto",1902/07/05,763.5,3.4,8,-2,26,4,59,,0,,0,,,,,,,,,,,,,
1902,7,6,"Rio Cuarto",1902/07/06,765,1.5,6,-2,20,3,70,N,1,S,1,,,,,,,,,,,,,
1902,7,7,"Rio Cuarto",1902/07/07,773.1,8.1,4,-2,22,3,83,S,1,N,3,,,,,,,,,,,,,
1902,7,8,"Rio Cuarto",1902/07/08,780,6.9,3,-7,12,-5,78,,0,,0,,,,,,,,,,,,,
1902,7,9,"Rio Cuarto",1902/07/09,774.2,-5.8,6,9,18,-2,42,N,1,,0,,,,,,,,,,,,,
1902,7,10,"Rio Cuarto",1902/07/10,772.4,-1.8,7,1,22,1,57,NE,1,S,1,,,,,,,,,,,,,
1902,7,11,"Rio Cuarto",1902/07/11,765,-2.4,11,2,20,7,75,,0,S,1,,,,,,,,,,,,,
1902,7,12,"Rio Cuarto",1902/07/12,772.9,11.8,6,-6,15,5,100,S,1,N,3,,,,,,,,,,,,,
1902,7,13,"Rio Cuarto",1902/07/13,769.5,-3.4,7,1,15,3,71,N,1,S,1,,,,,,,,,,,,,
1902,7,14,"Rio Cuarto",1902/07/14,763.3,-6.2,9,2,23,6,73,E,1,S,2,,,,,,,,,,,,,
1902,7,15,"Rio Cuarto",1902/07/15,764,0.7,10,1,29,9,100,,0,K,2,,,,,,,,,,,,,
1902,7,16,"Rio Cuarto",1902/07/16,767.4,3.4,7,-3,16,4,57,SW,1,K,1,,,,,,,,,,,,,
1902,7,17,"Rio Cuarto",1902/07/17,769.9,2.5,9,2,20,6,73,,0,K,3,,,,,,,,,,,,,
1902,7,18,"Rio Cuarto",1902/07/18,769.3,-0.6,8,-1,21,4,59,NW,1,,0,,,,,,,,,,,,,
1902,7,19,"Rio Cuarto",1902/07/19,764.6,-4.7,15,7,28,9,39,,0,,0,,,,,,,,,,,,,
1902,7,20,"Rio Cuarto",1902/07/20,764.6,0,12,-3,32,9,65,,0,S,2,,,,,,,,,,,,,
1902,7,21,"Rio Cuarto",1902/07/21,761.2,-3.4,16,4,32,12,50,N,1,,0,,,,,,,,,,,,,
1902,7,23,"Rio Cuarto",1902/07/23,762.1,0.9,16,0,33,14,50,S,2,S,1,,,,,,,,,,,,,
1902,7,24,"Rio Cuarto",1902/07/24,762.7,0.6,15,-1,29,9,58,E,1,S,2,,,,,,,,,,,,,
1902,7,25,"Rio Cuarto",1902/07/25,,,15,0,28,14,100,E,1,N,3,,,,,,,,,,,,,
1902,7,26,"Rio Cuarto",1902/07/26,758.9,,17,2,26,14,90,,0,N,2,,,,,,,,,,,,,
1902,7,27,"Rio Cuarto",1902/07/27,759,0.1,17,0,24,15,90,N,1,K,2,,,,,,,,,,,,,
1902,7,28,"Rio Cuarto",1902/07/28,753.2,-5.8,20,3,30,18,81,NE,1,S,2,,,,,,,,,,,,,
1902,7,29,"Rio Cuarto",1902/07/29,759.3,6.1,18,-2,34,16,90,S,1,N,1,,,,,,,,,,,,,
1902,7,30,"Rio Cuarto",1902/07/30,761.1,1.8,13,-5,25,10,55,S,1,N,3,,,,,,,,,,,,,
1902,7,31,"Rio Cuarto",1902/07/31,760.3,-0.8,12,-1,21,8,65,NE,1,,0,,,,,,,,,,,,,
1902,8,1,"Rio Cuarto",1902/08/01,762,1.7,12,0,25,12,65,SW,1,N,3,,,,,,,,,,,,,
1902,8,2,"Rio Cuarto",1902/08/02,764.9,2.9,9,-3,21,3,61,NW,1,,0,,,,,,,,,,,,,
1902,8,3,"Rio Cuarto",1902/08/03,762.2,-2.7,12,3,27,6,76,E,1,,0,,,,,,,,,,,,,
1902,8,4,"Rio Cuarto",1902/08/04,761.4,-0.8,13,1,26,8,88,,0,N,3,,,,,,,,,,,,,
1902,8,5,"Rio Cuarto",1902/08/05,764.9,3.5,16,3,22,9,79,,0,S,1,,,,,,,,,,,,,
1902,8,6,"Rio Cuarto",1902/08/06,763,-1.9,17,1,26,10,43,NE,1,C,1,,,,,,,,,,,,,
1902,8,7,"Rio Cuarto",1902/08/07,757.9,-5.1,16,-1,28,13,69,,0,S,1,,,,,,,,,,,,,
1902,8,8,"Rio Cuarto",1902/08/08,765.3,7.4,14,-2,25,9,57,,0,K,1,,,,,,,,,,,,,
1902,8,9,"Rio Cuarto",1902/08/09,760.4,-4.9,15,1,26,11,78,,0,N,2,,,,,,,,,,,,,
1902,8,10,"Rio Cuarto",1902/08/10,758.5,-1.9,17,2,28,13,70,,0,,0,,,,,,,,,,,,,
1902,8,11,"Rio Cuarto",1902/08/11,756.5,-2,19,2,34,15,90,,0,,0,,,,,,,,,,,,,
1902,8,12,"Rio Cuarto",1902/08/12,753.3,-3.2,18,-1,31,16,90,SW,3,N,2,,,,,,,,,,,,,
1902,8,13,"Rio Cuarto",1902/08/13,751.4,-1.9,19,1,25,16,90,NE,1,N,2,,,,,,,,,,,,,
1902,8,14,"Rio Cuarto",1902/08/14,756.6,5.2,13,-6,34,12,45,SW,2,N,2,,,,,,,,,,,,,
1902,8,15,"Rio Cuarto",1902/08/15,762.3,5.7,13,0,23,7,35,SW,2,K,1,,,,,,,,,,,,,
1902,8,16,"Rio Cuarto",1902/08/16,765.4,3.1,9,-4,20,4,61,NW,1,,0,,,,,,,,,,,,,
1902,8,17,"Rio Cuarto",1902/08/17,761.4,-4,16,7,27,6,50,NE,2,,0,,,,,,,,,,,,,
1902,8,18,"Rio Cuarto",1902/08/18,759.5,-1.9,16,0,30,9,59,SW,1,S,1,,,,,,,,,,,,,
1902,8,19,"Rio Cuarto",1902/08/19,760.3,0.8,15,-1,30,12,89,E,1,K,2,,,,,,,,,,,,,
1902,8,20,"Rio Cuarto",1902/08/20,757.6,-2.7,17,2,25,11,90,N,1,K,1,,,,,,,,,,,,,
1902,8,21,"Rio Cuarto",1902/08/21,762.4,4.8,16,-1,25,11,69,SW,1,K,1,,,,,,,,,,,,,
1902,8,22,"Rio Cuarto",1902/08/22,764.9,2.5,18,2,29,10,62,,0,,0,,,,,,,,,,,,,
1902,8,23,"Rio Cuarto",1902/08/23,761.8,-3.1,18,0,30,13,62,NE,1,S,1,,,,,,,,,,,,,
1902,8,24,"Rio Cuarto",1902/08/24,758,-3.8,19,1,28,16,72,NE,1,K,1,,,,,,,,,,,,,
1902,8,25,"Rio Cuarto",1902/08/25,762.2,4.2,17,-2,,16,100,,0,N,3,,,,,,,,,,,,,
1902,8,26,"Rio Cuarto",1902/08/26,762,-0.2,18,1,23,15,80,E,1,N,3,,,,,,,,,,,,,
1902,8,27,"Rio Cuarto",1902/08/27,758.2,-3.8,20,2,28,16,82,NE,1,,0,,,,,,,,,,,,,
1902,8,28,"Rio Cuarto",1902/08/28,754.8,-3.4,22,2,31,16,82,N,1,,0,,,,,,,,,,,,,
1902,8,29,"Rio Cuarto",1902/08/29,759.8,5,18,-4,34,16,90,SW,1,N,3,,,,,,,,,,,,,
1902,8,30,"Rio Cuarto",1902/08/30,758.6,-1.2,18,0,25,11,71,N,1,,0,,,,,,,,,,,,,
1902,8,31,"Rio Cuarto",1902/08/31,757.6,-1,16,-2,30,15,79,SW,1,N,3,,,,,,,,,,,,,
1902,9,2,"Rio Cuarto",1902/09/02,767.8,10.2,10,-6,23,8,86,,0,K,2,,,,,,,,,,,,,
1902,9,3,"Rio Cuarto",1902/09/03,772,4.2,13,3,17,8,66,,0,S,1,,,,,,,,,,,,,
1902,9,4,"Rio Cuarto",1902/09/04,764.1,-7.9,15,2,24,9,58,N,1,S,1,,,,,,,,,,,,,
1902,9,5,"Rio Cuarto",1902/09/05,761.9,-2.2,15,0,28,11,78,,0,S,3,,,,,,,,,,,,,
1902,9,6,"Rio Cuarto",1902/09/06,761.9,0,18,3,29,12,80,N,1,,0,,,,,,,,,,,,,
1902,9,7,"Rio Cuarto",1902/09/07,759.3,-2.6,20,2,31,15,64,NE,2,S,1,,,,,,,,,,,,,
1902,9,8,"Rio Cuarto",1902/09/08,759.6,0.3,18,-2,33,18,71,NW,1,N,3,,,,,,,,,,,,,
1902,9,10,"Rio Cuarto",1902/09/10,761,1.4,18,0,31,15,80,,0,N,3,,,,,,,,,,,,,
1902,9,11,"Rio Cuarto",1902/09/11,762.6,1.6,16,-2,25,15,89,,0,N,3,,,,,,,,,,,,,
1902,9,12,"Rio Cuarto",1902/09/12,761.4,-1.2,20,4,25,15,81,,0,S,1,,,,,,,,,,,,,
1902,9,13,"Rio Cuarto",1902/09/13,757.6,-3.8,19,-1,28,15,81,,0,N,2,,,,,,,,,,,,,
1902,9,14,"Rio Cuarto",1902/09/14,758.3,0.7,21,2,26,12,65,SW,1,,0,,,,,,,,,,,,,
1902,9,15,"Rio Cuarto",1902/09/15,760,1.7,19,-2,34,16,46,SW,1,"N ",1,,,,,,,,,,,,,
1902,9,16,"Rio Cuarto",1902/09/16,764.6,4.6,13,-6,30,12,100,"N ",1,N,3,,,,,,,,,,,,,
1902,9,17,"Rio Cuarto",1902/09/17,761.4,-3.2,17,4,23,15,90,,0,N,2,,,,,,,,,,,,,
1902,9,18,"Rio Cuarto",1902/09/18,757.8,-3.6,20,3,29,14,72,NE,1,,0,,,,,,,,,,,,,
1902,9,19,"Rio Cuarto",1902/09/19,753.9,-3.9,20,0,30,17,91,,0,N,3,,,,,,,,,,,,,
1902,9,20,"Rio Cuarto",1902/09/20,764.7,10.8,13,-7,25,11,45,SW,1,K,1,,,,,,,,,,,,,
1902,9,21,"Rio Cuarto",1902/09/21,767.4,2.7,15,3,24,10,58,SE,1,K,2,,,,,,,,,,,,,
1902,9,22,"Rio Cuarto",1902/09/22,761.7,-5.7,18,3,26,15,62,N,1,N,2,,,,,,,,,,,,,
1902,9,23,"Rio Cuarto",1902/09/23,762.9,1.2,16,-2,30,13,100,SW,1,N,3,,,,,,,,,,,,,
1902,9,24,"Rio Cuarto",1902/09/24,758.7,-4.2,22,6,32,17,74,NE,1,,0,,,,,,,,,,,,,
1902,9,25,"Rio Cuarto",1902/09/25,758.6,-0.1,22,0,36,20,66,,0,N,2,,,,,,,,,,,,,
1902,9,26,"Rio Cuarto",1902/09/26,757.3,-1.3,24,2,33,19,75,E,1,S,1,,,,,,,,,,,,,
1902,9,27,"Rio Cuarto",1902/09/27,759.8,2.5,20,-4,33,19,91,,0,KN,3,,,,,,,,,,,,,
1902,9,28,"Rio Cuarto",1902/09/28,758.2,-1.6,22,2,25,19,82,,0,N,2,,,,,,,,,,,,,
1902,9,29,"Rio Cuarto",1902/09/29,753.2,-5,25,3,31,22,92,E,1,S,1,,,,,,,,,,,,,
1902,9,30,"Rio Cuarto",1902/09/30,,,,,,,,,,,,,,,,,,,,,,,,
1902,10,1,"Rio Cuarto",1902/10/01,,,,,,,,,,,,,,,,,,,,,,,,
1902,10,2,"Rio Cuarto",1902/10/02,761.9,8,17,-7,25,11,61,N,1,,0,,,,,,,,,,,,,
1902,10,3,"Rio Cuarto",1902/10/03,756.8,-5.1,18,1,29,14,71,NE,1,,0,,,,,,,,,,,,,
1902,10,5,"Rio Cuarto",1902/10/05,758.1,1.3,20,2,33,15,72,,0,,0,,,,,,,,,,,,,
1902,10,7,"Rio Cuarto",1902/10/07,758.7,0.6,19,-1,34,16,90,E,1,S,2,,,,,,,,,,,,,
1902,10,8,"Rio Cuarto",1902/10/08,761.6,2.9,20,1,24,15,81,,0,,0,,,,,,,,,,,,,
1902,10,9,"Rio Cuarto",1902/10/09,767,5.4,16,-4,30,13,79,,0,S,3,,,,,,,,,,,,,
1902,10,10,"Rio Cuarto",1902/10/10,766.3,-0.7,16,0,23,12,69,E,1,S,1,,,,,,,,,,,,,
1902,10,11,,1902/10/11,,,,,,,,,,,,,,,,,,,,,,,,
1902,10,12,,1902/10/12,,,,,,,,,,,,,,,,,,,,,,,,
1902,10,13,,1902/10/13,,,,,,,,,,,,,,,,,,,,,,,,
1902,10,14,,1902/10/14,,,,,,,,,,,,,,,,,,,,,,,,
1902,10,15,,1902/10/15,,,,,,,,,,,,,,,,,,,,,,,,
1902,10,16,,1902/10/16,,,,,,,,,,,,,,,,,,,,,,,,
1902,10,17,,1902/10/17,,,,,,,,,,,,,,,,,,,,,,,,
1902,10,18,,1902/10/18,,,,,,,,,,,,,,,,,,,,,,,,
1902,10,19,,1902/10/19,,,,,,,,,,,,,,,,,,,,,,,,
1902,10,20,,1902/10/20,,,,,,,,,,,,,,,,,,,,,,,,
1902,10,21,,1902/10/21,,,,,,,,,,,,,,,,,,,,,,,,
1902,10,22,,1902/10/22,,,,,,,,,,,,,,,,,,,,,,,,
1902,10,23,,1902/10/23,,,,,,,,,,,,,,,,,,,,,,,,
1902,10,24,,1902/10/24,,,,,,,,,,,,,,,,,,,,,,,,
1902,10,25,,1902/10/25,,,,,,,,,,,,,,,,,,,,,,,,
1902,10,26,,1902/10/26,,,,,,,,,,,,,,,,,,,,,,,,
1902,10,27,,1902/10/27,,,,,,,,,,,,,,,,,,,,,,,,
1902,10,28,,1902/10/28,,,,,,,,,,,,,,,,,,,,,,,,
1902,10,29,,1902/10/29,,,,,,,,,,,,,,,,,,,,,,,,
1902,10,30,,1902/10/30,,,,,,,,,,,,,,,,,,,,,,,,
1902,10,31,,1902/10/31,,,,,,,,,,,,,,,,,,,,,,,,
1902,11,1,,1902/11/01,,,,,,,,,,,,,,,,,,,,,,,,
1902,11,2,,1902/11/02,,,,,,,,,,,,,,,,,,,,,,,,
1902,11,3,,1902/11/03,,,,,,,,,,,,,,,,,,,,,,,,
1902,11,4,,1902/11/04,,,,,,,,,,,,,,,,,,,,,,,,
1902,11,5,,1902/11/05,,,,,,,,,,,,,,,,,,,,,,,,
1902,11,6,,1902/11/06,,,,,,,,,,,,,,,,,,,,,,,,
1902,11,7,,1902/11/07,,,,,,,,,,,,,,,,,,,,,,,,
1902,11,8,,1902/11/08,,,,,,,,,,,,,,,,,,,,,,,,
1902,11,9,,1902/11/09,,,,,,,,,,,,,,,,,,,,,,,,
1902,11,10,,1902/11/10,,,,,,,,,,,,,,,,,,,,,,,,
1902,11,11,,1902/11/11,,,,,,,,,,,,,,,,,,,,,,,,
1902,11,12,,1902/11/12,,,,,,,,,,,,,,,,,,,,,,,,
1902,11,13,,1902/11/13,,,,,,,,,,,,,,,,,,,,,,,,
1902,11,14,,1902/11/14,,,,,,,,,,,,,,,,,,,,,,,,
1902,11,15,,1902/11/15,,,,,,,,,,,,,,,,,,,,,,,,
1902,11,16,,1902/11/16,,,,,,,,,,,,,,,,,,,,,,,,
1902,11,17,,1902/11/17,,,,,,,,,,,,,,,,,,,,,,,,
1902,11,18,,1902/11/18,,,,,,,,,,,,,,,,,,,,,,,,
1902,11,19,,1902/11/19,,,,,,,,,,,,,,,,,,,,,,,,
1902,11,20,,1902/11/20,,,,,,,,,,,,,,,,,,,,,,,,
1902,11,21,,1902/11/21,,,,,,,,,,,,,,,,,,,,,,,,
1902,11,22,,1902/11/22,,,,,,,,,,,,,,,,,,,,,,,,
1902,11,23,,1902/11/23,,,,,,,,,,,,,,,,,,,,,,,,
1902,11,24,,1902/11/24,,,,,,,,,,,,,,,,,,,,,,,,
1902,11,25,,1902/11/25,,,,,,,,,,,,,,,,,,,,,,,,
1902,11,26,,1902/11/26,,,,,,,,,,,,,,,,,,,,,,,,
1902,11,27,,1902/11/27,,,,,,,,,,,,,,,,,,,,,,,,
1902,11,28,,1902/11/28,,,,,,,,,,,,,,,,,,,,,,,,
1902,11,29,,1902/11/29,,,,,,,,,,,,,,,,,,,,,,,,
1902,11,30,,1902/11/30,,,,,,,,,,,,,,,,,,,,,,,,
1902,12,1,,1902/12/01,,,,,,,,,,,,,,,,,,,,,,,,
1902,12,2,,1902/12/02,,,,,,,,,,,,,,,,,,,,,,,,
1902,12,3,,1902/12/03,,,,,,,,,,,,,,,,,,,,,,,,
1902,12,4,,1902/12/04,,,,,,,,,,,,,,,,,,,,,,,,
1902,12,5,,1902/12/05,,,,,,,,,,,,,,,,,,,,,,,,
1902,12,6,,1902/12/06,,,,,,,,,,,,,,,,,,,,,,,,
1902,12,7,,1902/12/07,,,,,,,,,,,,,,,,,,,,,,,,
1902,12,8,,1902/12/08,,,,,,,,,,,,,,,,,,,,,,,,
1902,12,9,,1902/12/09,,,,,,,,,,,,,,,,,,,,,,,,
1902,12,10,,1902/12/10,,,,,,,,,,,,,,,,,,,,,,,,
1902,12,11,,1902/12/11,,,,,,,,,,,,,,,,,,,,,,,,
1902,12,12,,1902/12/12,,,,,,,,,,,,,,,,,,,,,,,,
1902,12,13,,1902/12/13,,,,,,,,,,,,,,,,,,,,,,,,
1902,12,14,,1902/12/14,,,,,,,,,,,,,,,,,,,,,,,,
1902,12,15,,1902/12/15,,,,,,,,,,,,,,,,,,,,,,,,
1902,12,16,,1902/12/16,,,,,,,,,,,,,,,,,,,,,,,,
1902,12,17,,1902/12/17,,,,,,,,,,,,,,,,,,,,,,,,
1902,12,18,,1902/12/18,,,,,,,,,,,,,,,,,,,,,,,,
1902,12,19,,1902/12/19,,,,,,,,,,,,,,,,,,,,,,,,
1902,12,20,,1902/12/20,,,,,,,,,,,,,,,,,,,,,,,,
1902,12,21,,1902/12/21,,,,,,,,,,,,,,,,,,,,,,,,
1902,12,22,,1902/12/22,,,,,,,,,,,,,,,,,,,,,,,,
1902,12,23,,1902/12/23,,,,,,,,,,,,,,,,,,,,,,,,
1902,12,24,,1902/12/24,,,,,,,,,,,,,,,,,,,,,,,,
1902,12,25,,1902/12/25,,,,,,,,,,,,,,,,,,,,,,,,
1902,12,26,,1902/12/26,,,,,,,,,,,,,,,,,,,,,,,,
1902,12,27,,1902/12/27,,,,,,,,,,,,,,,,,,,,,,,,
1902,12,28,,1902/12/28,,,,,,,,,,,,,,,,,,,,,,,,
1902,12,29,,1902/12/29,,,,,,,,,,,,,,,,,,,,,,,,
1902,12,30,,1902/12/30,,,,,,,,,,,,,,,,,,,,,,,,
1902,12,31,,1902/12/31,,,,,,,,,,,,,,,,,,,,,,,,
